TitleID,Title,Author,Holding Institution,Year,StartYear,EndYear,Full Publication Details,Place of Publication,Latitude,Longitude,Language,Includes subject,TitleURL
156894,Major species of Panama orchids,Henry G. Gilbert Nursery and Seed Trade Catalog Collection.,"U.S. Department of Agriculture, National Agricultural Library",1952,1952,,"Ancon, Canal Zone :H.A. Dunn,[1952]","Ancon, Panama",43.6171493,13.51599,ENG,Panama,https://www.biodiversitylibrary.org/bibliography/156894
165196,"Panamá : puente biológico : las Charlas Smithsonian del Mes, 1996-1999",Smithsonian Tropical Research Institute.,Smithsonian Libraries,,2001,,"Balboa, Panamá :Instituto Smithsonian de Investigaciones Tropicales,2001.","Balboa, Panama",8.94875,-79.5644,SPA,Panama,https://www.biodiversitylibrary.org/bibliography/165196
41526,The Panamic deep sea Echini /  by Alexander Agassiz.,"Agassiz, Alexander, 1835-1910","Harvard University, Museum of Comparative Zoology, Ernst Mayr Library",1904,1904,,"Cambridge :Printed for the Museum,1904.","Cambridge, Massachusetts",42.374911,-71.110046,ENG,Panama,https://www.biodiversitylibrary.org/bibliography/41526
2576,The fishes of the fresh waters of Panama,"Hildebrand, Samuel F. 1883-1949","University Library, University of Illinois Urbana Champaign",1916,1916,,"Chicago,1916.","Chicago, Illinois",41.883229,-87.632398,ENG,Panama,https://www.biodiversitylibrary.org/bibliography/2576
2633,Ectoparasites of Panama.,"Wenzel, Rupert L., 1915-2006","University Library, University of Illinois Urbana Champaign",1966,1966,,"Chicago,Field Museum of Natural History,1966.","Chicago, Illinois",41.883229,-87.632398,ENG,Panama,https://www.biodiversitylibrary.org/bibliography/2633
2969,A new catalogue of the fresh-water fishes of Panama,"Hildebrand, Samuel F. 1883-1949","University Library, University of Illinois Urbana Champaign",1938,1938,,"Chicago,1938","Chicago, Illinois",41.883229,-87.632398,ENG,Panama,https://www.biodiversitylibrary.org/bibliography/2969
3804,A new species of lungless salamander,"Brame, Arden H., 1934-2004","University Library, University of Illinois Urbana Champaign",1966,1966,,"[Chicago]Field Museum of Natural History,1966.","Chicago, Illinois",41.883229,-87.632398,ENG,Panama,https://www.biodiversitylibrary.org/bibliography/3804
5573,New species of fishes from Panama,"Hildebrand, Samuel F. 1883-1949","University Library, University of Illinois Urbana Champaign",1913,1913,,"Chicago,1913.","Chicago, Illinois",41.883229,-87.632398,ENG,Panama,https://www.biodiversitylibrary.org/bibliography/5573
7202,"Birds of Volcán de Chiriquí, Panama.","Blake, Emmet Reid, 1908-1997","University Library, University of Illinois Urbana Champaign",1958,1958,,"[Chicago]Chicago Natural History Museum,1958.","Chicago, Illinois",41.883229,-87.632398,ENG,Panama,https://www.biodiversitylibrary.org/bibliography/7202
13853,The fishes of the fresh waters of Panama,"Hildebrand, Samuel F. 1883-1949",Smithsonian Libraries,,1916,,"Chicago,1916.","Chicago, Illinois",41.883229,-87.632398,ENG,Panama,https://www.biodiversitylibrary.org/bibliography/13853
42255,Publication.  Field Museum of Natural History.,"Hildebrand, Samuel F. 1883-1949",University of Toronto - Gerstein Science Information Centre,1909,1910,1943,"Chicago, U.S.A. :The Museum,1910-1943.","Chicago, Illinois",41.883229,-87.632398,ENG,Panama,https://www.biodiversitylibrary.org/bibliography/42255
2829,The marine fishes of Panama.,"Hildebrand, Samuel F. 1883-1949","University Library, University of Illinois Urbana Champaign",1928,1928,,"Chicago :Field Museum of Natural History,1928","Chicago, Illinois",41.883229,-87.632398,ENG,Panama,https://www.biodiversitylibrary.org/bibliography/2829
2887,The marine fishes of Panama.,"Meek, Seth E. (Seth Eugene), 1859-1914","University Library, University of Illinois Urbana Champaign",1923,1923,,"Chicago :Field Museum of Natural History,1923","Chicago, Illinois",41.883229,-87.632398,ENG,Panama,https://www.biodiversitylibrary.org/bibliography/2887
2906,A new frog from Panama : Dendrobates galindoi,"Trapido, Harold, 1916-1991","University Library, University of Illinois Urbana Champaign",1953,1953,,"Chicago :Chicago Natural History Museum,1953.","Chicago, Illinois",41.883229,-87.632398,ENG,Panama,https://www.biodiversitylibrary.org/bibliography/2906
5641,The marine fishes of Panama.,"Osgood, Wilfred Hudson, 1875-1947","University Library, University of Illinois Urbana Champaign",1925,1925,,"Chicago :Field Museum of Natural History,1925","Chicago, Illinois",41.883229,-87.632398,ENG,Panama,https://www.biodiversitylibrary.org/bibliography/5641
49067,A new voyage and description of the isthmus of America,"Winship, George Parker, 1871-1952","Research Library, The Getty Research Institute ",,1903,,"Cleveland,The Burrows Brothers Company,1903.","Cleveland, Ohio",41.482222,-81.669722,ENG,Panama,https://www.biodiversitylibrary.org/bibliography/49067
60250,The birds and mammals of the western slope of the Azuero peninsula <republic of Panama>,"Bole, Benjamin Patterson, 1908-1980",Smithsonian Libraries,1937,1937,,"Cleveland O.,1937.","Cleveland, Ohio",41.482222,-81.669722,ENG,Panama,https://www.biodiversitylibrary.org/bibliography/60250
22897,"A defence of the Scots settlement at Darien : With an answer to the Spanish memorial against it. And arguments to prove that it is the interest of England to join with the Scots, and protect it. To which is added, A description of the country, and a parti","Fletcher, Andrew, 1655-1716",Brown University Library ,,1699,,"Edinburgh,1699.","Edinburgh, Scotland",55.9501927,-3.1875526,ENG,Panama,https://www.biodiversitylibrary.org/bibliography/22897
87778,"Geschichte der zehenjährigen Reisen der Mitglieder der Akademie der Wissenschaften zu Paris : vornemlich des Herrn de la Condamine nach Peru in America in den Jahren 1735 bis 1745, worinne ausser verschiedenen Nachrichten von der gegenwärtigen Beschaffenh","La Condamine, Charles-Marie de, 1701-1774",Smithsonian Libraries,,1763,,"Erfurt :gedruckt bey Johann Friedrich Hartung,1763.","Erfurt, Germany",50.9737428,11.0224255,GER,Panama,https://www.biodiversitylibrary.org/bibliography/87778
102030,Geschichte der zehenjährigen Reisen der Mitglieder der Akademie der Wissenschaften zu Paris vornemlich des Herrn de la Condamine nach Peru in America in den Jahren 1735 bis 1745 worinne ausser verschiedenen Nachrichten von der gegenwärtigen Beschaffenheit,"Wafer, Lionel, 1660?-1705?",John Carter Brown Library ,,1763,,"Erfurt :gedruckt bey Johann Friedrich Hartung,1763.","Erfurt, Germany",50.9737428,11.0224255,GER,Panama,https://www.biodiversitylibrary.org/bibliography/102030
6853,Mollusks of the tropical eastern Pacific : particularly from the southern half of the Panamic-Pacific faunal province (Panama to Peru) ; Panamic-Pacific Pelecypoda,"Olsson, Axel A. (Axel Adolf), 1889-1976",MBLWHOI Library,1961,1961,,"Ithaca, N.Y. :Paleontological Research Institution,1961.","Ithaca, New York",42.468766,-76.485676,ENG,Panama,https://www.biodiversitylibrary.org/bibliography/6853
153450,"The flora of Barro Colorado island, Panama","Standley, Paul Carpenter, 1884-1963",Harvard University Botany Libraries,1933,1933,,"Jamaica Plain, Mass. :The Arnold Arboretum of Harvard University,1933.","Jamaica Plain, Mass",42.358056,-71.063611,ENG,Panama,https://www.biodiversitylibrary.org/bibliography/153450
114751,"A botanist's ramble in Central America, or, A trip to the mainland","Hart, John Hinchley, 1847-1911","New York Botanical Garden, LuEsther T. Mertz Library",1886,1886,,"Kingston, Jamaica :[s.n.],1886","Kingston, Jamaica",17.9733754,-76.7586656,ENG,Panama,https://www.biodiversitylibrary.org/bibliography/114751
39218,"A temperature atlas of the Gulf of Panama, 1955-1959",Inter-American Tropical Tuna Commission.,MBLWHOI Library,,1963,,"[La Jolla, Calif.] :Inter-American Tropical Tuna Commission,[1963]","La Jolla, Calif",32.84,-117.276944,ENG,Panama,https://www.biodiversitylibrary.org/bibliography/39218
83717,"A new voyage and description of the isthmus of America : giving an account of the author's abode there, the form and make of the country, the coasts, hills, rivers, &c., woods, soil, weather, &c., trees, fruit, beasts, birds, fish, &c., : the Indian inhab","Savage, John, fl  1680-",Smithsonian Libraries,,1704,,"London,Printed for James Knapton ...,1704.","London, England",51.5001524,-0.1262362,ENG,Panama,https://www.biodiversitylibrary.org/bibliography/83717
83716,A new voyage and description of the isthmus of America ...,"Davis, Edward, fl  1683-1702",Smithsonian Libraries,,1729,,"London :Printed for James and John Knapton ...,1729.","London, England ",51.5001524,-0.1262362,ENG,Panama,https://www.biodiversitylibrary.org/bibliography/83716
86968,"South America and the Pacific; comprising a journey across the pampas and the Andes, from Buenos Ayres to Valparaiso, Lima, and Panama; with remarks upon the isthmus","Scarlett, Peter Campbell, Hon., 1804-1881",Smithsonian Libraries,1838,1838,,"London :H. Colburn,1838.","London, England ",51.5001524,-0.1262362,ENG,Panama,https://www.biodiversitylibrary.org/bibliography/86968
99321,"A new voyage and description of the Isthmus of America : giving an account of the author's abode there, the form and make of the country, the coasts, hills, rivers, &c. woods, soil, weather, &c. trees, fruit, beasts, birds, fish, &c : the Indian inhabitan","Knapton, John, 1696-1770","Research Library, The Getty Research Institute ",,1729,,"London :Printed for James and John Knapton ...,1729.","London, England ",51.5001524,-0.1262362,ENG,Panama,https://www.biodiversitylibrary.org/bibliography/99321
169028,Annual report of the Canal Zone Plant Introduction Gardens.,Canal Zone Plant Introduction Gardens,"University of Florida, George A. Smathers Libraries",1928,1924,1929,"Mount Hope, C.Z. :Panama Canal Press,1924-1930.","Mount Hope, Canal Zone",40.988987,-73.867913,ENG,Panama,https://www.biodiversitylibrary.org/bibliography/169028
1799,"Catalogue of shells collected at Panama, with notes on their synonymy, station, and geographical distribution.","Adams, C. B. (Charles Baker), 1814-1853",MBLWHOI Library,,1852,,"New York,R. Craighead, printer,1852.","New York, NY",40.7130466,-74.0072301,ENG,Panama,https://www.biodiversitylibrary.org/bibliography/1799
20852,"Field book of birds of the Panama Canal Zone; a description on the habits, call notes and songs of the birds of the Panama Canal Zone, for the purpose of identifying them. Many of these birds are also common in Central and South America.","Sturgis, Bertha Bement.",Prelinger Library ,,1928,,"New York,G. P. Putnam's sons,1928.","New York, NY",40.7130466,-74.0072301,ENG,Panama,https://www.biodiversitylibrary.org/bibliography/20852
54368,"Catalogue of shells collected at Panama : with notes on their synonymy, station, and geographical distribution","Adams, C. B. (Charles Baker), 1814-1853",Cornell University Library,,1852,,"New York :R. Craighead,1852.","New York, NY",40.7130466,-74.0072301,ENG,Panama,https://www.biodiversitylibrary.org/bibliography/54368
57165,Mosquito control in Panama; the eradication of malaria and yellow fever in Cuba and Panama,"Orenstein, Alexander Jeremiah, 1879-",Cornell University Library,,1916,,"New YorkG. P. Putnam's sons,1916.","New York, NY",40.7130466,-74.0072301,ENG,Panama,https://www.biodiversitylibrary.org/bibliography/57165
59537,"The Isthmus of Panama, and what I saw there","Griswold, C. D. (Chauncey D.)",California Academy of Sciences,,1852,,"New-York :Dewitt and Davenport,1852.","New York, NY",40.7130466,-74.0072301,ENG,Panama,https://www.biodiversitylibrary.org/bibliography/59537
60654,Mosquito control in Panama; the eradication of malaria and yellow fever in Cuba and Panama,"Orenstein, A. J.,",Library of Congress,,1916,,"New York,Putnam,1916.","New York, NY",40.7130466,-74.0072301,ENG,Panama,https://www.biodiversitylibrary.org/bibliography/60654
68423,Mosquito control in Panama; the eradication of malaria and yellow fever in Cuba and Panama,"Le Prince, Joseph A. (Joseph Albert Augustin), 1875-1956","300 Funston Avenue, San Francisco, CA**",,1916,,"New York,Putnam,1916.","New York, NY",40.7130466,-74.0072301,ENG,Panama,https://www.biodiversitylibrary.org/bibliography/68423
162540,"The goblin spider genus Costarina (Araneae, Oonopidae).","Platnick, Norman I.",American Museum of Natural History Library,2009,2014,,"New York, NY :American Museum of Natural History,[2014]","New York, NY",40.7130466,-74.0072301,ENG,Panama,https://www.biodiversitylibrary.org/bibliography/162540
162875,"Systematics of Vampyressa melissa Thomas, 1926 (Chiroptera, Phyllostomidae), with descriptions of two new species of Vampyressa","Velazco, Paúl M.",American Museum of Natural History Library,2014,2014,,"New York, NY :American Museum of Natural History,[2014]","New York, NY",40.7130466,-74.0072301,ENG,Panama,https://www.biodiversitylibrary.org/bibliography/162875
166180,"Discovery of the frog genus Anomaloglossus in Panama, with descriptions of two new species from the Chagres Highlands (Dendrobatoidea, Aromobatidae)","IbanÌƒez D., Roberto.",American Museum of Natural History Library,2012,2012,,"[New York] :American Museum of Natural History,c2012.","New York, NY",40.7130466,-74.0072301,ENG,Panama,https://www.biodiversitylibrary.org/bibliography/166180
169115,"On the uniquely fragmented distribution of a rare Panamanian snake, Dipsas nicholsi (Colubridae, Dipsadinae)","Cadle, John E.",American Museum of Natural History Library,2007,2007,,"New York, NY :American Museum of Natural History,c2007.","New York, NY",40.7130466,-74.0072301,ENG,Panama,https://www.biodiversitylibrary.org/bibliography/169115
169271,"Falsified data associated with specimens of birds, mammals, and insects from the Veragua Archipelago, Panama, collected by J.H. Batty","Olson, Storrs L.",American Museum of Natural History Library,2008,2008,,"New York, NY :American Museum of Natural History,c2008.","New York, NY",40.7130466,-74.0072301,ENG,Panama,https://www.biodiversitylibrary.org/bibliography/169271
177932,"On the identities of Colostethus inguinalis (Cope, 1868) and C. panamensis (Dunn, 1933), with comments on C. latinasus (Cope, 1863) (Anura, Dendrobatidae)","Grant, Taran, 1972-",American Museum of Natural History Library,2004,2004,,"New York, NY :American Museum of Natural History,c2004.","New York, NY",40.7130466,-74.0072301,ENG,Panama,https://www.biodiversitylibrary.org/bibliography/177932
178190,"Rare snakes--five new species from eastern Panama : reviews of northern Atractus and southern Geophis (Colubridae, Dipsadinae)","Myers, Charles W.",American Museum of Natural History Library,2003,2003,,"New York, NY :American Museum of Natural History,c2003.","New York, NY",40.7130466,-74.0072301,ENG,Panama,https://www.biodiversitylibrary.org/bibliography/178190
178200,"Systematics of snakes referred to Dipsas variegata in Panama and western South America, with revalidation of two species and notes on defensive behaviors in the Dipsadini (Colubridae)","Myers, Charles W.",American Museum of Natural History Library,2003,2003,,"New York, NY :American Museum of Natural History,c2003.","New York, NY",40.7130466,-74.0072301,ENG,Panama,https://www.biodiversitylibrary.org/bibliography/178200
114545,Algunas palmeras industriales de la flora istmeña,"Marquís, R. T.","New York Botanical Garden, LuEsther T. Mertz Library",1908,1908,,"Panamá [Panamá] :Tip. Moderna,1908.","Panama, Panama",8.9673,-79.5339,SPA,Panama,https://www.biodiversitylibrary.org/bibliography/114545
11341,Los moluscos de la República de Panamá,"Zetek, James, 1886-",Smithsonian Libraries,,1918,,"Panama :Imp. nacional,1918.","Panama, Panama ",8.9673,-79.5339,SPA,Panama,https://www.biodiversitylibrary.org/bibliography/11341
53666,Les voyages de Lionnel Waffer : contenant une description très-exacte de l'Isthme de l'Amerique & de toute la nouvelle Espagne,"Montirat, Monsieur de.","Research Library, The Getty Research Institute ",,1706,,"A Paris :Chez Claude Cellier ...,1706.","Paris, France",48.856895,2.3508487,FRE,Panama,https://www.biodiversitylibrary.org/bibliography/53666
15768,A century of trees of Panama,"Mell, C. D.",Smithsonian Libraries,,1931,,[1931?],Place of publication not identified,,,ENG,Panama,https://www.biodiversitylibrary.org/bibliography/15768
42485,Variation in floral fragrances and pollinators in the Gongora quinquenervis complex (Orchidaceae) in central Panama,"Whitten, William Mark, 1954-2019","University of Florida, George A. Smathers Libraries",,1985,,1985.,Place of publication not identified,,,ENG,Panama,https://www.biodiversitylibrary.org/bibliography/42485
94764,"Ateles ssp. (monkeys), Barro Colorado Island, Panama, 1958-1961","Moynihan, M.",Smithsonian Institution Archives,1958,1958,1961,1958-1961,Place of publication not identified,,,No language code,Panama,https://www.biodiversitylibrary.org/bibliography/94764
95443,Panama 1971,"Calderon, Cleofé E.",Smithsonian Institution Archives,1971,1971,,1971,Place of publication not identified,,,No language code,Panama,https://www.biodiversitylibrary.org/bibliography/95443
96848,"Alouatta (Primates), Barro Colorado Island, Panama, 1958-1960","Moynihan, M.",Smithsonian Institution Archives,1958,1958,1961,1958-1961,Place of publication not identified,,,No language code,Panama,https://www.biodiversitylibrary.org/bibliography/96848
96918,"Saltator (birds), Frijoles and Barro Colorado Island, Panama, 1962","Moynihan, M.",Smithsonian Institution Archives,1958,1958,1962,1958-1962,Place of publication not identified,,,No language code,Panama,https://www.biodiversitylibrary.org/bibliography/96918
96924,"Cephalopoda (Squid) 1971-1973, 1975-1979, 1981-1982 (1 of 3)","Moynihan, M.",Smithsonian Institution Archives,1971,1971,1982,1971-1982,Place of publication not identified,,,No language code,Panama,https://www.biodiversitylibrary.org/bibliography/96924
96936,"Book 2, field notes, Panama, Colombia, 1942-1947","Allen, Paul H. (Paul Hamilton), 1911-1963",Smithsonian Institution Archives,1941,1941,1947,1941-1947,Place of publication not identified,,,No language code,Panama,https://www.biodiversitylibrary.org/bibliography/96936
97812,"Album 1 Panama, 1954 : includes photographs of Wetmore and Beatrice Thielen Wetmore","Wetmore, Alexander, 1886-1978",Smithsonian Institution Archives,1954,1954,,1954,Place of publication not identified,,,No language code,Panama,https://www.biodiversitylibrary.org/bibliography/97812
101799,"Arremonops (striped sparrow), Frijoles, Barro Colorado Island, Pedro Miguel - All Panama, 1958","Moynihan, M.",Smithsonian Institution Archives,1958,1958,1961,1958-1961,Place of publication not identified,,,No language code,Panama,https://www.biodiversitylibrary.org/bibliography/101799
105209,"Mixed Species flocks of birds (gregarious behavior), 1960","Moynihan, M.",Smithsonian Institution Archives,1960,1960,1962,1960-1962,Place of publication not identified,,,No language code,Panama,https://www.biodiversitylibrary.org/bibliography/105209
105210,"Mixed Flocks (birds), Colombia, countings with D. Fairchild, 1960, 1965","Moynihan, M.",Smithsonian Institution Archives,1960,1960,1966,1960-1966,Place of publication not identified,,,No language code,Panama,https://www.biodiversitylibrary.org/bibliography/105210
105215,"#782-#1118, A. S. Hitchcock: Asia, 1921, Georgia and Florida, Panama and Ecuador, 1923, includes photographs of Floyd A. McClure","Hitchcock, A. S. (Albert Spear), 1865-1935",Smithsonian Institution Archives,1921,1921,1923,1921-1923,Place of publication not identified,,,No language code,Panama,https://www.biodiversitylibrary.org/bibliography/105215
105401,"Pselliophorus (yellow-green finch), Cerro Punta, Panama; Quito, Ecuador, 1958, 1961","Moynihan, M.",Smithsonian Institution Archives,1958,1958,1963,1958-1963,Place of publication not identified,,,No language code,Panama,https://www.biodiversitylibrary.org/bibliography/105401
105410,"Arremona (sparrow), Cerro Campana and Barro Colorado Island, Panama; Tarma, Peru, Santa Fe, Peru (?), 1958","Moynihan, M.",Smithsonian Institution Archives,1958,1958,1962,1958-1962,Place of publication not identified,,,No language code,Panama,https://www.biodiversitylibrary.org/bibliography/105410
105411,"Chlorospingus (Bush-tanger), 1961","Moynihan, M.",Smithsonian Institution Archives,1958,1958,1961,1958-1961,Place of publication not identified,,,No language code,Panama,https://www.biodiversitylibrary.org/bibliography/105411
106574,"Primates, photos, mostly Barro Colorado Island, Panama (3 of 3)","Moynihan, M.",Smithsonian Institution Archives,1960,1960,,1960,Place of publication not identified,,,No language code,Panama,https://www.biodiversitylibrary.org/bibliography/106574
106579,"Album 3 Panama, 1958","Wetmore, Alexander, 1886-1978",Smithsonian Institution Archives,1958,1958,,1958,Place of publication not identified,,,No language code,Panama,https://www.biodiversitylibrary.org/bibliography/106579
106589,"Book # 80, begin # 48014, end # 48232","Fosberg, F. Raymond (Francis Raymond), 1908-1993",Smithsonian Institution Archives,1966,1966,,1966,Place of publication not identified,,,No language code,Panama,https://www.biodiversitylibrary.org/bibliography/106589
109415,"Journal, 1855-1856","Cooper, J. G. (James Graham), 1830-1902",Smithsonian Institution Archives,1855,1855,1856,1855-1856,Place of publication not identified,,,No language code,Panama,https://www.biodiversitylibrary.org/bibliography/109415
109663,"Album 2 Panama, Costa Rica and Guatemala, 1940; Panama, 1944 : includes photographs of Wetmore and Joseph P. E. Morrison","Wetmore, Alexander, 1886-1978",Smithsonian Institution Archives,1940,1940,1944,1940-1944,Place of publication not identified,,,No language code,Panama,https://www.biodiversitylibrary.org/bibliography/109663
110157,"Album 2 Panama (Darien), 1946","Wetmore, Alexander, 1886-1978",Smithsonian Institution Archives,1946,1946,,1946,Place of publication not identified,,,No language code,Panama,https://www.biodiversitylibrary.org/bibliography/110157
110159,"Album 1 Panama (Darien), 1947","Wetmore, Alexander, 1886-1978",Smithsonian Institution Archives,1947,1947,,1947,Place of publication not identified,,,No language code,Panama,https://www.biodiversitylibrary.org/bibliography/110159
110908,"Album 2 Panama, 1948","Wetmore, Alexander, 1886-1978",Smithsonian Institution Archives,1948,1948,,1948,Place of publication not identified,,,No language code,Panama,https://www.biodiversitylibrary.org/bibliography/110908
110913,"Album 2 Panama, 1953","Wetmore, Alexander, 1886-1978",Smithsonian Institution Archives,1953,1953,,1953,Place of publication not identified,,,No language code,Panama,https://www.biodiversitylibrary.org/bibliography/110913
110917,"Album 1 Panama, 1949 : includes photographs of Wetmore, Watson M. Perrygo, Richard H. Stewart, Matthew Williams Stirling, Marion Illg Stirling, and James Zetek","Wetmore, Alexander, 1886-1978",Smithsonian Institution Archives,1949,1949,,1949,Place of publication not identified,,,No language code,Panama,https://www.biodiversitylibrary.org/bibliography/110917
110919,"Album 2 Panama, 1950 : includes photographs of Wetmore, Watson M. Perrygo, and Ratibor Hartmann; Also includes photographs of the Canal Zone Biological Area","Wetmore, Alexander, 1886-1978",Smithsonian Institution Archives,1950,1950,,1950,Place of publication not identified,,,No language code,Panama,https://www.biodiversitylibrary.org/bibliography/110919
110924,"Album 1 Panama, 1951","Wetmore, Alexander, 1886-1978",Smithsonian Institution Archives,1951,1951,,1951,Place of publication not identified,,,No language code,Panama,https://www.biodiversitylibrary.org/bibliography/110924
110925,"Album 2 Panama, 1952","Wetmore, Alexander, 1886-1978",Smithsonian Institution Archives,1952,1952,,1952,Place of publication not identified,,,No language code,Panama,https://www.biodiversitylibrary.org/bibliography/110925
111645,"Album 1 Panama, 1957, volume 2","Wetmore, Alexander, 1886-1978",Smithsonian Institution Archives,1957,1957,,1957,Place of publication not identified,,,No language code,Panama,https://www.biodiversitylibrary.org/bibliography/111645
111646,"Album 1 Panama and Coiba Island, 1956","Wetmore, Alexander, 1886-1978",Smithsonian Institution Archives,1956,1956,,1956,Place of publication not identified,,,No language code,Panama,https://www.biodiversitylibrary.org/bibliography/111646
111648,"Album 1 Panama, 1960 : includes photographs of Wetmore, Beatrice Thielen Wetmore, and Frank Alexander Hartman","Wetmore, Alexander, 1886-1978",Smithsonian Institution Archives,1960,1960,,1960,Place of publication not identified,,,No language code,Panama,https://www.biodiversitylibrary.org/bibliography/111648
111650,"Album 2 Panama, 1961 : includes photographs of Wetmore, Beatrice Thielen Wetmore, Conrad E. Yunker, and Charles M. Keenan","Wetmore, Alexander, 1886-1978",Smithsonian Institution Archives,1961,1961,,1961,Place of publication not identified,,,No language code,Panama,https://www.biodiversitylibrary.org/bibliography/111650
111651,"Album 3 Panama, 1959, volume 2 : includes photographs of Wetmore, Beatrice Thielen Wetmore, and Martin Humphrey Moynihan","Wetmore, Alexander, 1886-1978",Smithsonian Institution Archives,1959,1959,,1959,Place of publication not identified,,,No language code,Panama,https://www.biodiversitylibrary.org/bibliography/111651
111655,"Album 1 Panama, 1962 : volume 1, includes photographs of Wetmore, Beatrice Thielen Wetmore, Charles O. Handley, Jr., Helena M. Weiss, and Francis Greenwell","Wetmore, Alexander, 1886-1978",Smithsonian Institution Archives,1962,1962,,1962,Place of publication not identified,,,No language code,Panama,https://www.biodiversitylibrary.org/bibliography/111655
111657,"Album 3 Panama, 1963 : includes photographs of Wetmore, Beatrice Thielen Wetmore, Harvey R. Bullis, Jr., Charles O. Handley, Jr., and Francis Greenwell","Wetmore, Alexander, 1886-1978",Smithsonian Institution Archives,1963,1963,,1963,Place of publication not identified,,,No language code,Panama,https://www.biodiversitylibrary.org/bibliography/111657
111661,"Album 1 Panama, 1957, volume 1","Wetmore, Alexander, 1886-1978",Smithsonian Institution Archives,1957,1957,,1957,Place of publication not identified,,,No language code,Panama,https://www.biodiversitylibrary.org/bibliography/111661
111664,"Album 2 Panama, 1959, volume 1 : includes photographs of Wetmore and Beatrice Thielen Wetmore","Wetmore, Alexander, 1886-1978",Smithsonian Institution Archives,1959,1959,,1959,Place of publication not identified,,,No language code,Panama,https://www.biodiversitylibrary.org/bibliography/111664
111665,"Album 2 Panama, 1962, volume 2, includes photographs of Wetmore and Beatrice Thielen Wetmore","Wetmore, Alexander, 1886-1978",Smithsonian Institution Archives,1962,1962,,1962,Place of publication not identified,,,No language code,Panama,https://www.biodiversitylibrary.org/bibliography/111665
119122,"Cyanerpes (Honeycreepers), one page on ""chachalacas"" birds, 1963","Moynihan, M.",Smithsonian Institution Archives,1963,1957,1963,1957-1963,Place of publication not identified,,,No language code,Panama,https://www.biodiversitylibrary.org/bibliography/119122
120568,"Cacajou rubicundus (Vakari monkey), Washington Zoo; Bronx Zoo; Barro Colorado Island, Panama, 1958-1959, 1964-1965","Moynihan, M.",Smithsonian Institution Archives,1958,1958,1965,1958-1965,Place of publication not identified,,,No language code,Panama,https://www.biodiversitylibrary.org/bibliography/120568
120772,"Atlapetes (Bush finches), Cerro Punta, Panama; Iquitos, Peru; Pichincha, Ecuador, 1958, 1960-1962","Moynihan, M.",Smithsonian Institution Archives,1958,1958,1962,1958-1962,Place of publication not identified,,,No language code,Panama,https://www.biodiversitylibrary.org/bibliography/120772
121286,"Cebus apella (Brown capuchin), Barro Colorado Island, Panama; Lima, Peru Zoo, 1958-1959, 1961-1963","Moynihan, M.",Smithsonian Institution Archives,1958,1958,1963,1958-1963,Place of publication not identified,,,No language code,Panama,https://www.biodiversitylibrary.org/bibliography/121286
121287,"Chlorophanes (Green Honeycreeper), Barro Colorado Island, Panama, 1958, 1962","Moynihan, M.",Smithsonian Institution Archives,1957,1957,1962,1957-1962,Place of publication not identified,,,No language code,Panama,https://www.biodiversitylibrary.org/bibliography/121287
121290,"Dacnis Cayana (Honeycreeper), Barro Colorado Island, Panama, 1957-1958, 1960-1961","Moynihan, M.",Smithsonian Institution Archives,1957,1957,1961,1957-1961,Place of publication not identified,,,No language code,Panama,https://www.biodiversitylibrary.org/bibliography/121290
121293,Diglossa (Flower piercers) (1 of 4),"Moynihan, M.",Smithsonian Institution Archives,1958,1958,1974,1958-1974,Place of publication not identified,,,No language code,Panama,https://www.biodiversitylibrary.org/bibliography/121293
121386,"Pezopetes (Big Footed Finch), Cerro Punta, Panama, 1960-1961","Moynihan, M.",Smithsonian Institution Archives,1960,1960,1961,1960-1961,Place of publication not identified,,,No language code,Panama,https://www.biodiversitylibrary.org/bibliography/121386
121405,"Piranga (Flame-colored Tanager), Barro Colorado Island, Cerro Campana, Cerro Punta, Panama, 1958-1959","Moynihan, M.",Smithsonian Institution Archives,1958,1958,1962,1958-1962,Place of publication not identified,,,No language code,Panama,https://www.biodiversitylibrary.org/bibliography/121405
121410,"Rhamphocelus (Birds) (Sangre de Toro, Yellow rumped tanager), Barro Colorado Island, Rio Chucunaque, Rio Piedras, Cerro Punta, Frijoles, Panama, 1957","Moynihan, M.",Smithsonian Institution Archives,1957,1957,1962,1957-1962,Place of publication not identified,,,No language code,Panama,https://www.biodiversitylibrary.org/bibliography/121410
121414,"Saguinus oedipus (Cottontop monkey), Panama City and Barro Colorado Island, Panama, 1958-1959","Moynihan, M.",Smithsonian Institution Archives,1958,1958,1959,1958-1959,Place of publication not identified,,,No language code,Panama,https://www.biodiversitylibrary.org/bibliography/121414
121418,"Sporophila bird (Seed-eater), Barro Colorado Island, Frijoles, Penonome, Panama, 1957-1958","Moynihan, M.",Smithsonian Institution Archives,1957,1957,1958,1957-1958,Place of publication not identified,,,No language code,Panama,https://www.biodiversitylibrary.org/bibliography/121418
121420,"Tangara birds (Tanagers), Barro Colorado Island, Cerro Punta and Cerro Campana, Panama, 1957-1962","Moynihan, M.",Smithsonian Institution Archives,1957,1957,1962,1957-1962,Place of publication not identified,,,No language code,Panama,https://www.biodiversitylibrary.org/bibliography/121420
121422,"Tiares bird (Yellow-faced grassquit), Playa Coronado, Playa Colorado, Cerro Campana, Frijoles, Santiago, Cerro Punta, Panama, 1957-1958","Moynihan, M.",Smithsonian Institution Archives,1957,1957,1958,1957-1958,Place of publication not identified,,,No language code,Panama,https://www.biodiversitylibrary.org/bibliography/121422
121439,"Volatenia bird (Blue-black grassquit), Playa Coronado, Pedro Miguel Lake, Frijoles, Barro Colorado Island, Panama, 1957-1958","Moynihan, M.",Smithsonian Institution Archives,1957,1957,1958,1957-1958,Place of publication not identified,,,No language code,Panama,https://www.biodiversitylibrary.org/bibliography/121439
121557,"General Comment Fringillidae, Barro Colorado Island, Cerro Punta, Panama, 1958, 1962","Moynihan, M.",Smithsonian Institution Archives,1958,1958,1962,1958-1962,Place of publication not identified,,,No language code,Panama,https://www.biodiversitylibrary.org/bibliography/121557
121621,"Cephalopoda (Squid) 1971-1973, 1975-1979, 1981-1982 (3 of 3)","Moynihan, M.",Smithsonian Institution Archives,1972,1972,1973,1972-1973,Place of publication not identified,,,No language code,Panama,https://www.biodiversitylibrary.org/bibliography/121621
121662,"Cebus capucinus (White-throated capuchin), Barro Colorado Island, Panama, 1958-1961, 1966","Moynihan, M.",Smithsonian Institution Archives,1955,1955,1966,1955-1966,Place of publication not identified,,,No language code,Panama,https://www.biodiversitylibrary.org/bibliography/121662
121671,"Saguinus (Tamarin monkeys), Indexes - Barro Colorado Island, Forest Reserve, Ancon Hill, Gamboa Highway, Panama - Notes, 1959, 1964-1967","Moynihan, M.",Smithsonian Institution Archives,1958,1958,1967,1958-1967,Place of publication not identified,,,No language code,Panama,https://www.biodiversitylibrary.org/bibliography/121671
121700,"Aramides cajanea (Wood-rails), Barro Colorado Island, Panama, 1960","Moynihan, M.",Smithsonian Institution Archives,1960,1960,,1960,Place of publication not identified,,,No language code,Panama,https://www.biodiversitylibrary.org/bibliography/121700
121719,"Cebuella pygmaea (Pigmy Marmoset), Barro Colorado Island, Panama, 1958-1961, 1963","Moynihan, M.",Smithsonian Institution Archives,1958,1958,1963,1958-1963,Place of publication not identified,,,No language code,Panama,https://www.biodiversitylibrary.org/bibliography/121719
121741,"Tinamus major birds (Great tinamou), Barro Colorado Island, Panama, 1960","Moynihan, M.",Smithsonian Institution Archives,1960,1960,,1960,Place of publication not identified,,,No language code,Panama,https://www.biodiversitylibrary.org/bibliography/121741
121758,"Cephalopoda (Squid) 1971-1973, 1975-1979, 1981-1982 (2 of 3)","Moynihan, M.",Smithsonian Institution Archives,1971,1971,1972,1971-1972,Place of publication not identified,,,No language code,Panama,https://www.biodiversitylibrary.org/bibliography/121758
122267,"Coraciiformes, Washington, DC, and Portobello, Panama, 1986, 1987","Moynihan, M.",Smithsonian Institution Archives,1986,1986,1987,1986-1987,Place of publication not identified,,,No language code,Panama,https://www.biodiversitylibrary.org/bibliography/122267
128487,"United States Navy Galapagos Expedition, 1941, diary, April 2-28, 1941, typed copy","Schmitt, Waldo L. (Waldo Lasalle), 1887-1977",Smithsonian Institution Archives,1941,1941,,1941,Place of publication not identified,,,ENG,Panama,https://www.biodiversitylibrary.org/bibliography/128487
129225,"United States Navy Galapagos Expedition, 1942 : expense account and travel vouchers","Schmitt, Waldo L. (Waldo Lasalle), 1887-1977",Smithsonian Institution Archives,1942,1942,,1942,Place of publication not identified,,,ENG,Panama,https://www.biodiversitylibrary.org/bibliography/129225
132158,"Hancock South America Expedition, 1939 : diary, March 16 - May 6, 1939","Schmitt, Waldo L. (Waldo Lasalle), 1887-1977",Smithsonian Institution Archives,1939,1939,,1939,Place of publication not identified,,,ENG,Panama,https://www.biodiversitylibrary.org/bibliography/132158
132469,"Record of the Washington University expedition to Panama 1934-35 after Jan. 18-'35, this being under the leadership of Mr. A.A. Hunter.","Hunter, Abel Aken, 1877-1935",Harvard University Botany Libraries,1935,1935,,,Place of publication not identified,,,ENG,Panama,https://www.biodiversitylibrary.org/bibliography/132469
132682,"Canal Zone notes book #4, 1912","Ladd, Harry S., (Harry Stephen) 1899-1982",Smithsonian Institution Archives,1912,1912,,1912,Place of publication not identified,,,ENG,Panama,https://www.biodiversitylibrary.org/bibliography/132682
132794,"Canal Zone notes book #5, 1912","Ladd, Harry S., (Harry Stephen) 1899-1982",Smithsonian Institution Archives,1912,1912,,1912,Place of publication not identified,,,ENG,Panama,https://www.biodiversitylibrary.org/bibliography/132794
132809,Presidential Cruise of 1938 : miscellaneous memorabilia collected by Waldo LaSalle Schmitt,"Schmitt, Waldo L. (Waldo Lasalle), 1887-1977",Smithsonian Institution Archives,1938,1938,,1938,Place of publication not identified,,,ENG,Panama,https://www.biodiversitylibrary.org/bibliography/132809
133789,"Field notes, BCI, 1988, 1989",Smithsonian Migratory Bird Center.,Smithsonian Institution Archives,1988,1988,,1988,Place of publication not identified,,,ENG,Panama,https://www.biodiversitylibrary.org/bibliography/133789
135319,"Field notes, BCI, 1986","Greenberg, Russell",Smithsonian Institution Archives,1986,1986,,1986,Place of publication not identified,,,ENG,Panama,https://www.biodiversitylibrary.org/bibliography/135319
135378,"Field notes (Judy Gradwohl), 1978-1979","Gradwohl, Judy",Smithsonian Institution Archives,1978,1978,1979,1978-1979,Place of publication not identified,,,ENG,Panama,https://www.biodiversitylibrary.org/bibliography/135378
135379,"Field notes (Judy Gradwohl), BCI, 1984",Smithsonian Migratory Bird Center.,Smithsonian Institution Archives,1984,1984,,1984,Place of publication not identified,,,ENG,Panama,https://www.biodiversitylibrary.org/bibliography/135379
135427,"Field notes, BCI, 1985","Greenberg, Russell",Smithsonian Institution Archives,1985,1985,,1985,Place of publication not identified,,,ENG,Panama,https://www.biodiversitylibrary.org/bibliography/135427
136622,Plant lists : Barro Coloardo Island,"Abbe, Ernst C. (Ernst Cleveland), 1905-2000",Harvard University Botany Libraries,1929,1929,1932,1929-1932.,Place of publication not identified,,,ENG,Panama,https://www.biodiversitylibrary.org/bibliography/136622
137772,Field notebooks : Costa Rica and Panama.,"Schubert, Bernice,",Harvard University Botany Libraries,1955,1955,,,Place of publication not identified,,,No language code,Panama,https://www.biodiversitylibrary.org/bibliography/137772
138985,Fungi list : Panama.,"Dodge, Carroll W. (Carroll William), 1895-1988",Harvard University Botany Libraries,1925,1925,,,Place of publication not identified,,,No language code,Panama,https://www.biodiversitylibrary.org/bibliography/138985
140342,"Pittier, Henri F., correspondence, 1910-1914 (2)","Pittier, Henri, 1857-1950",Smithsonian Institution Archives,1910,1910,1914,1910-1914,Place of publication not identified,,,ENG,Panama,https://www.biodiversitylibrary.org/bibliography/140342
140712,"Map of the Isthmus of Panama representing the line of the Panama Rail Road as constructed under the direction of George M. Totten, Chief Engineer &c.","Endicott & Co. (New York, N.Y.),",Smithsonian Libraries,1857,1857,,"[Place of publication not identified] :Lith. of Endicott & Co., N.Y.,[1857]","New York, NY",40.7130466,-74.0072301,ENG,Panama,https://www.biodiversitylibrary.org/bibliography/140712
141212,"Pittier, Henri F., correspondence, 1910-1914","Pittier, Henri, 1857-1950",Smithsonian Institution Archives,1910,1910,1914,1910-1914,Place of publication not identified,,,ENG,Panama,https://www.biodiversitylibrary.org/bibliography/141212
142575,"Waldo L. Schmitt Papers : diary, trip to Panama and Galapagos Islands, April 1941 [transcript].","Schmitt, Waldo L. (Waldo Lasalle), 1887-1977",Smithsonian Institution Archives,1941,1941,,1941,Place of publication not identified,,,ENG,Panama,https://www.biodiversitylibrary.org/bibliography/142575
142915,"National Museum of Natural History (U.S.) Pacific Ocean Biological Survey Program field research records, 1961-1973 : Wetmore Panama collection.","Wetmore, Alexander, 1886-1978",Smithsonian Institution Archives,1961,1961,1973,1961-1973,Place of publication not identified,,,ENG,Panama,https://www.biodiversitylibrary.org/bibliography/142915
145631,"Field book - Mexico, New York, Alaska, and Panama, 1976",Smithsonian Environmental Research Center.,Smithsonian Institution Archives,1976,1976,,1976,Place of publication not identified,,,ENG,Panama,https://www.biodiversitylibrary.org/bibliography/145631
146260,Plant lists : Panama and Liberia,"Cooper, George Proctor, 1896-",Harvard University Botany Libraries,1927,1927,1930,,Place of publication not identified,,,No language code,Panama,https://www.biodiversitylibrary.org/bibliography/146260
146289,"Field book - CBCES ant data, February-September 1976",Smithsonian Environmental Research Center.,Smithsonian Institution Archives,1976,1976,,1976,Place of publication not identified,,,ENG,Panama,https://www.biodiversitylibrary.org/bibliography/146289
146881,"Field book - Barro Colorado Island, July-September 1982",Smithsonian Environmental Research Center.,Smithsonian Institution Archives,1982,1982,,1982,Place of publication not identified,,,ENG,Panama,https://www.biodiversitylibrary.org/bibliography/146881
147601,"A. S. Hitchcock, USDA, 1922 - 1923","Hitchcock, A. S. (Albert Spear), 1865-1935",Smithsonian Institution Archives,1922,1922,1923,1922-1923,Place of publication not identified,,,ENG,Panama,https://www.biodiversitylibrary.org/bibliography/147601
147888,"G. S. Miller Jr, Porto Rico [sic], Florida, Panama, 1932, 1601 - 2080","Miller, Gerrit S. (Gerrit Smith), 1869-1956",Smithsonian Institution Archives,1932,1932,1937,1932-1937,Place of publication not identified,,,ENG,Panama,https://www.biodiversitylibrary.org/bibliography/147888
149700,"Pittier, field notebook 3, 3684 - 5332","Pittier, Henri, 1857-1950",Smithsonian Institution Archives,1911,1911,,1911,Place of publication not identified,,,ENG,Panama,https://www.biodiversitylibrary.org/bibliography/149700
151061,"Primates, photos, mostly Barro Colorado Island, Panama (1 of 3)","Moynihan, M.",Smithsonian Institution Archives,1959,1959,1960,1959-1960,Place of publication not identified,,,ENG,Panama,https://www.biodiversitylibrary.org/bibliography/151061
151082,"Primates, photos, mostly Barro Colorado Island, Panama (2 of 3)","Moynihan, M.",Smithsonian Institution Archives,1960,1960,1974,1960-1974,Place of publication not identified,,,ENG,Panama,https://www.biodiversitylibrary.org/bibliography/151082
151382,"Negatives of Primates, Birds, Grison, Raccoons, 1959-1960 (2 of 2)","Moynihan, M.",Smithsonian Institution Archives,1959,1959,1960,1959-1960,Place of publication not identified,,,ENG,Panama,https://www.biodiversitylibrary.org/bibliography/151382
151385,"Negatives of Primates, Birds, Grison, Raccoons, 1959-1960 (1 of 2)","Moynihan, M.",Smithsonian Institution Archives,1959,1959,1960,1959-1960,Place of publication not identified,,,ENG,Panama,https://www.biodiversitylibrary.org/bibliography/151385
151411,"Panama, 1952 : to visit the Canal Zone Biological Area and collect bird specimens along the Rio Indio and on Taboga Island. Correspondence, expense records, news clippings, reference materials, travel notes, film notes, itinerary, and memorabilia; Corresp","Wetmore, Alexander, 1886-1978",Smithsonian Institution Archives,1952,1952,,1952,Place of publication not identified,,,ENG,Panama,https://www.biodiversitylibrary.org/bibliography/151411
151412,"Panama, 1951 : to visit the Canal Zone Biological Area and to collect bird specimens in Cerro Campana and other points in Panama; Assisted by Watson M. Perrygo. Correspondence, permits, newsclippings, expense records, travel notes, itinerary, film notes,","Wetmore, Alexander, 1886-1978",Smithsonian Institution Archives,1950,1950,1951,1950-1951,Place of publication not identified,,,ENG,Panama,https://www.biodiversitylibrary.org/bibliography/151412
151461,"Notes to a collection of plants made in the vicinity of Chagres on the Isthmus of Panama, from January 5th-April 5th, 1850","Fendler, Augustus, 1813-1883",Harvard University Botany Libraries,1850,1850,,,Place of publication not identified,,,No language code,Panama,https://www.biodiversitylibrary.org/bibliography/151461
151492,"Panama, 1953 : to visit the Canal Zone Biological Area and the Museo Nacional and collect bird specimens in Sona, Veraguas. Assisted by Watson M. Perrygo; Correspondence, permits, photographs and photographic notes, expense records, itinerary, and memorab","Wetmore, Alexander, 1886-1978",Smithsonian Institution Archives,1953,1953,,1953,Place of publication not identified,,,ENG,Panama,https://www.biodiversitylibrary.org/bibliography/151492
152189,"Field notes (Judy Gradwohl), BCI, 1983","Gradwohl, Judy",Smithsonian Institution Archives,1983,1983,,1983,Place of publication not identified,,,ENG,Panama,https://www.biodiversitylibrary.org/bibliography/152189
153254,"Hancock South America Expedition, 1939 : photographs (5 of 5)","Schmitt, Waldo L. (Waldo Lasalle), 1887-1977",Smithsonian Institution Archives,1939,1939,,1939,Place of publication not identified,,,ENG,Panama,https://www.biodiversitylibrary.org/bibliography/153254
153279,"Photos, Monkeys, Barro Colorado Island, Panama","Moynihan, M.",Smithsonian Institution Archives,1960,1960,1967,1960-1967,Place of publication not identified,,,ENG,Panama,https://www.biodiversitylibrary.org/bibliography/153279
153281,"Panama, 1946 : to visit the Canal Zone Biological Area, inspect the San Jose Project of 1944, and collect bird specimens in Darien. Assisted by Watson M. Perrygo, Correspondence, photographs and photographic notes, expense records, travel notes, reference","Wetmore, Alexander, 1886-1978",Smithsonian Institution Archives,1944,1944,1946,1944-1946,Place of publication not identified,,,ENG,Panama,https://www.biodiversitylibrary.org/bibliography/153281
153452,"Panama, 1949 : to visit the Canal Zone Biological Area and to collect bird specimens in Chepo and other parts of Panama. Assisted by Watson M. Perrygo; Correspondence, reference materials, expense records, travel notes, and film notes. Correspondents incl","Wetmore, Alexander, 1886-1978",Smithsonian Institution Archives,1949,1949,,1949,Place of publication not identified,,,ENG,Panama,https://www.biodiversitylibrary.org/bibliography/153452
153453,"Panama, 1944 :  to inspect the experimental work of the Chemical Warfare Service, United States Army, on San Jose Island and make natural history collections for the USNM. Assisted by Joseph P. E. Morrison, Correspondence, expense records, permits, and va","Wetmore, Alexander, 1886-1978",Smithsonian Institution Archives,1944,1944,,1944,Place of publication not identified,,,ENG,Panama,https://www.biodiversitylibrary.org/bibliography/153453
153467,"Panama, 1947 :  to visit the Canal Zone Biological Area, inspect the San Jose Project of 1944, and collect bird specimens in Darien. Assisted by Watson M. Perrygo. Correspondence, expense records, travel notes, newsclippings, and film notes; Correspondent","Wetmore, Alexander, 1886-1978",Smithsonian Institution Archives,1944,1944,1947,1944-1947,Place of publication not identified,,,ENG,Panama,https://www.biodiversitylibrary.org/bibliography/153467
153468,"Panama, 1944 : reference materials, addresses of contacts, passport photographs, news clippings, and memorabilia","Wetmore, Alexander, 1886-1978",Smithsonian Institution Archives,1944,1944,,1944,Place of publication not identified,,,ENG,Panama,https://www.biodiversitylibrary.org/bibliography/153468
153539,"Panama, 1948 : to visit the Canal Zone Biological Area and to collect bird specimens in Herrera and Los Santos; Assisted by Watson M. Perrygo; correspondence, news clippings, expense records, film notes, travel notes, and memorabilia. Correspondents inclu","Wetmore, Alexander, 1886-1978",Smithsonian Institution Archives,1948,1948,,1948,Place of publication not identified,,,ENG,Panama,https://www.biodiversitylibrary.org/bibliography/153539
154000,"Panama, 1950 : to visit the Canal Zone Biological Area and to collect bird specimens in Chiman and along Rio Maje in Darien; Assisted by Watson M. Perrygo. Correspondence, reference materials, expense records, travel notes, film notes, and memorabilia. Co","Wetmore, Alexander, 1886-1978",Smithsonian Institution Archives,1950,1950,,1950,Place of publication not identified,,,ENG,Panama,https://www.biodiversitylibrary.org/bibliography/154000
155668,"Walter Rathbone Bacon Traveling Scholarship Expeditions to the East and West Coasts of South America, 1925-1927 :postcards, some with handwritten notes","Schmitt, Waldo L. (Waldo Lasalle), 1887-1977",Smithsonian Institution Archives,1926,1926,1927,1926-1927,Place of publication not identified,,,ENG,Panama,https://www.biodiversitylibrary.org/bibliography/155668
155675,"Panama, 1957 : to visit the Canal Zone Biological Area, the Museo Nacional, and the Gorgas Memorial Laboratory; and to collect bird specimens in the Tonosi Valley, Los Santos, San Blas Islands, and the Azuero Peninsula. Assisted by Beatrice Thielen Wetmor","Wetmore, Alexander, 1886-1978",Smithsonian Institution Archives,1956,1956,1957,1956-1957,Place of publication not identified,,,ENG,Panama,https://www.biodiversitylibrary.org/bibliography/155675
155679,"Hancock Pacific-Galapagos Expeditions, 1933-1935 : miscellaneous photographs (2 of 6)","Schmitt, Waldo L. (Waldo Lasalle), 1887-1977",Smithsonian Institution Archives,1933,1933,1935,1933-1935,Place of publication not identified,,,ENG,Panama,https://www.biodiversitylibrary.org/bibliography/155679
155901,"Panama, 1954 : to visit the Canal Zone Biological Area and collect bird specimens in Chiriqui. Assisted by Beatrice Thielen Wetmore; The Netherlands Antilles and Venezuela were also visited; Correspondence, newsclippings, reference materials, permits, iti","Wetmore, Alexander, 1886-1978",Smithsonian Institution Archives,1953,1953,1954,1953-1954,Place of publication not identified,,,ENG,Panama,https://www.biodiversitylibrary.org/bibliography/155901
155945,"Panama, 1955 : to visit the Canal Zone Biological Area and the Gorgas Memorial Laboratory, and to collect bird specimens in the Canal Zone and Chiriqui. Assisted by Beatrice Thielen Wetmore; Correspondence, permits, newsclippings, film notes, travel notes","Wetmore, Alexander, 1886-1978",Smithsonian Institution Archives,1954,1954,1955,1954-1955,Place of publication not identified,,,ENG,Panama,https://www.biodiversitylibrary.org/bibliography/155945
155969,"Hancock Pacific-Galapagos Expeditions, 1933-1935 : Photographs by Charles McLean Fraser, includes identifying list","Schmitt, Waldo L. (Waldo Lasalle), 1887-1977",Smithsonian Institution Archives,1933,1933,1935,1933-1935,Place of publication not identified,,,ENG,Panama,https://www.biodiversitylibrary.org/bibliography/155969
156277,"Field journal, Panama, 1946-1949","Wetmore, Alexander, 1886-1978",Smithsonian Institution Archives,1946,1946,1949,1946-1949,Place of publication not identified,,,ENG,Panama,https://www.biodiversitylibrary.org/bibliography/156277
156278,"Panama, 1958 : to visit the Canal Zone Biological Area and to collect bird specimens in the Canal Zone, Bocas del Toro, Cocle, La Jagua, and on Isla Escudo de Veraguas; Assisted by Beatrice Thielen Wetmore; Correspondence, reference materials, expense rec","Wetmore, Alexander, 1886-1978",Smithsonian Institution Archives,1957,1957,1958,1957-1958,Place of publication not identified,,,ENG,Panama,https://www.biodiversitylibrary.org/bibliography/156278
156280,"Panama, 1956 : to visit the Canal Zone Biological Area, and collect bird specimens in the Canal Zone and on Isla Coiba; Correspondence, film notes, travel notes, newsclippings, expense records, and memorabilia; Correspondents include John Enos Graf, A. Re","Wetmore, Alexander, 1886-1978",Smithsonian Institution Archives,1956,1956,,1956,Place of publication not identified,,,ENG,Panama,https://www.biodiversitylibrary.org/bibliography/156280
160622,Panama - March 1969,"Loftin, H.",Smithsonian Institution Archives,1969,1969,,1969,Place of publication not identified,,,ENG,Panama,https://www.biodiversitylibrary.org/bibliography/160622
161527,"Goldman, E. A., Panama, January 1912 - July 1912","Goldman, Edward Alphonso, 1873-1946",Smithsonian Institution Archives,1912,1912,,1912,Place of publication not identified,,,ENG,Panama,https://www.biodiversitylibrary.org/bibliography/161527
161566,"Goldman, E. A., Arizona, Panama, Nevada (specimen list), January 1912 -  October 1917","Goldman, Edward Alphonso, 1873-1946",Smithsonian Institution Archives,1912,1912,1917,1912-1917,Place of publication not identified,,,ENG,Panama,https://www.biodiversitylibrary.org/bibliography/161566
161766,"Goldman, E. A., Panama, December 1910 - June 1911","Goldman, Edward Alphonso, 1873-1946",Smithsonian Institution Archives,1910,1910,1911,1910-1911,Place of publication not identified,,,ENG,Panama,https://www.biodiversitylibrary.org/bibliography/161766
162300,"A report on the timber tract of the Bayano River Lumber Company in the province of Panama, R.P.","Mell, Clayton D. (Clayton Dissinger), 1875-1945","New York Botanical Garden, LuEsther T. Mertz Library",,,,[192-?],Place of publication not identified,,,ENG,Panama,https://www.biodiversitylibrary.org/bibliography/162300
165433,"Panama, 1973-1974, [numbers 8681-11152].","Nee, Michael","New York Botanical Garden, LuEsther T. Mertz Library",1973,1973,1974,,Place of publication not identified,,,No language code,Panama,https://www.biodiversitylibrary.org/bibliography/165433
165598,"Gmelina survey, Nigeria, 1967. British Honduras, Panama, 1967, [numbers 60200-60211, 60335-60341].","Maguire, Celia K.","New York Botanical Garden, LuEsther T. Mertz Library",1967,1967,,,Place of publication not identified,,,No language code,Panama,https://www.biodiversitylibrary.org/bibliography/165598
165602,"Panama, 1973, [numbers 6511-8680].","Nee, Michael","New York Botanical Garden, LuEsther T. Mertz Library",1973,1973,,,Place of publication not identified,,,No language code,Panama,https://www.biodiversitylibrary.org/bibliography/165602
166275,Jamaica,"Rehn, James A. G., (James Abram Garfield) 1881-1965","Academy of Natural Sciences of Drexel University, Library and Archives",1920,1920,,1920,Place of publication not identified,,,ENG,Panama,https://www.biodiversitylibrary.org/bibliography/166275
102860,A revision of the genusAnthurium (Araceae) of Mexico and Central America.,"Croat, Thomas B.","Missouri Botanical Garden, Peter H. Raven Library",,1986,,"St. Louis, Mo. :Missouri Botanical Garden,c1986.","St Louis, Missouri",38.627003,-90.199402,ENG,Panama,https://www.biodiversitylibrary.org/bibliography/102860
149590,"Orchids of Panama : a facsimile reprint of the Orchidaceae, Flora of Panama","Dressler, Robert L., 1927-","Missouri Botanical Garden, Peter H. Raven Library",1980,1980,,"[St.Louis]Missouri Botanical Garden,1980.","St Louis, Missouri",38.627003,-90.199402,ENG,Panama,https://www.biodiversitylibrary.org/bibliography/149590
153180,Flora of Panama : checklist and index,Missouri Botanical Garden.,"Missouri Botanical Garden, Peter H. Raven Library",1987,1987,,"Saint Louis, Mo. :Missouri Botanical Garden,1987.","St Louis, Missouri",38.627003,-90.199402,ENG,Panama,https://www.biodiversitylibrary.org/bibliography/153180
154206,The Botany and natural history of Panama,"Raven, Peter H.","Missouri Botanical Garden, Peter H. Raven Library",1985,1985,,"Saint Louis, Mo., U.S. :Missouri Botanical Garden,1985.","St Louis, Missouri",38.627003,-90.199402,ENG,Panama,https://www.biodiversitylibrary.org/bibliography/154206
9043,"Primitiae florae Portobellensis, sive, Enumeratio plantarum vascularium quas juxta oppidum Portobello in Isthmo Panamensi Americae Centralis, mense Aprili anno 1826, legit doct. Joh. Eman. Billberg","Beurling, Pehr Johan, 1800-1866","New York Botanical Garden, LuEsther T. Mertz Library",,1854,,"Stockholm :s.n.,1854","Stockholm, Sweden ",59.329444,18.068611,LAT,Panama,https://www.biodiversitylibrary.org/bibliography/9043
174936,Plants and nursery materials for sale,Henry G. Gilbert Nursery and Seed Trade Catalog Collection.,"U.S. Department of Agriculture, National Agricultural Library",1941,1941,,"Summit, C.Z. [Panama] :Canal Zone Experiment Gardens, Nursery Division,[1941?]","Summit, Canal Zone",42.579444,-74.588333,ENG,Panama,https://www.biodiversitylibrary.org/bibliography/174936
108921,Damage by termites in the Canal Zone and Panama and how to prevent it,"Zetek, James, 1886-","U.S. Department of Agriculture, National Agricultural Library",1924,1924,,"Washington, D.C. :U.S. Dept. of Agriculture,1924.","Washington, D.C.",38.89511,-77.03637,ENG,Panama,https://www.biodiversitylibrary.org/bibliography/108921
15684,Mammals of Panama (with thirty-nine plates),"Goldman, Edward Alphonso, 1873-1946",Smithsonian Libraries,,1920,,"City of Washington :Smithsonian Institution,1920.","Washington, D.C. ",38.89511,-77.03637,ENG,Panama,https://www.biodiversitylibrary.org/bibliography/15684
15815,"Contributions to the geology and paleontology of the Canal Zone, Panama, and geologically related areas in Central America and the West Indies.",United States National Museum.,Smithsonian Libraries,1919,1919,,"Washington :Govt. Print. Off.,1919.","Washington, D.C. ",38.89511,-77.03637,ENG,Panama,https://www.biodiversitylibrary.org/bibliography/15815
31557,Decapod crustaceans from the Panama region. By Mary J. Rathbun.,"Rathbun, Mary Jane, 1860-1943",University of California Libraries ,,1918,,"Washington :Govt. print. off.,1918.","Washington, D.C. ",38.89511,-77.03637,ENG,Panama,https://www.biodiversitylibrary.org/bibliography/31557
120498,"The nonmarine mollusks of San Jose Island, with notes on those of Pedro Gonzalez, Pearl Islands, Panama","Morrison, Joseph Paul Eldred.","University of Florida, George A. Smathers Libraries",,1946,,"Washington :Smithsonian Institution,1946.","Washington, D.C. ",38.89511,-77.03637,ENG,Panama,https://www.biodiversitylibrary.org/bibliography/120498
165607,Vertebrate ecology in the northern neotropics,"National Zoological Park (U.S.),",Smithsonian Libraries,,1979,,"Washington :Smithsonian Institution Press,1979.","Washington, D.C. ",38.89511,-77.03637,ENG,Panama,https://www.biodiversitylibrary.org/bibliography/165607
